{
  "project_info": {
    "project_number": "525018078314",
    "project_id": "kursovaya-35949",
    "storage_bucket": "kursovaya-35949.appspot.com"
  },
  "client": [
    {
      "client_info": {
        "mobilesdk_app_id": "1:525018078314:android:c703afb1d635f8ccb37e13",
        "android_client_info": {
          "package_name": "com.example.kursovaya"
        }
      },
      "oauth_client": [
        {
          "client_id": "525018078314-34ehh1cse3ulhvtimr9875nhmp5rjq3b.apps.googleusercontent.com",
          "client_type": 3
        }
      ],
      "api_key": [
        {
          "current_key": "AIzaSyAreHBJfkiS2Aw9TPzMY-DJTyuDb_wzwIY"
        }
      ],
      "services": {
        "appinvite_service": {
          "other_platform_oauth_client": [
            {
              "client_id": "525018078314-34ehh1cse3ulhvtimr9875nhmp5rjq3b.apps.googleusercontent.com",
              "client_type": 3
            }
          ]
        }
      }
    }
  ],
  "configuration_version": "1"
}